year,party,avg_support
2020,democrat,50.78109044801352
2020,republican,42.316060862214705
